{
  "leftEye": {
    "ellipseMinorAxis": 0.24494899809360505,
    "ellipseMajorAxis": 0.3099985122680664,
    "screenForward": {
      "x": 0.5140379667282105,
      "y": -0.2891080379486084,
      "z": 0.8075775504112244
    },
    "screenPosition": {
      "x": -0.07188151031732559,
      "y": -0.008429262787103653,
      "z": 0.026248455047607423
    },
    "eyePosition": {
      "x": -0.029943088069558145,
      "y": -0.003366167191416025,
      "z": -0.00427968380972743
    },
    "eyeRotation": {
      "x": 0.0,
      "y": 0.0,
      "z": 0.0,
      "w": 1.0
    },
    "cameraProjection": {
      "x": -0.699999988079071,
      "y": 0.699999988079071,
      "z": 0.30000001192092898,
      "w": -1.399999976158142
    },
    "sphereToWorldSpace": {
      "e00": 0.05101080238819122,
      "e01": 0.06071346998214722,
      "e02": 0.29330453276634219,
      "e03": -0.11233785003423691,
      "e10": 0.0,
      "e11": 0.23695310950279237,
      "e12": -0.07855913043022156,
      "e13": 0.026850363239645959,
      "e20": -0.23957861959934236,
      "e21": 0.012927045114338398,
      "e22": 0.062450066208839419,
      "e23": -0.046845193952322009,
      "e30": 0.0,
      "e31": 0.0,
      "e32": 0.0,
      "e33": 1.0
    },
    "worldToScreenSpace": {
      "e00": 1.8454508781433106,
      "e01": 14.493173599243164,
      "e02": 4.0138068199157719,
      "e03": 0.14946433901786805,
      "e10": -14.294210433959961,
      "e11": -0.6365616917610169,
      "e12": 8.870641708374024,
      "e13": -1.2656958103179932,
      "e20": 0.5140379667282105,
      "e21": -0.2891080379486084,
      "e22": 0.8075776100158691,
      "e23": 0.013315191492438317,
      "e30": 0.0,
      "e31": 0.0,
      "e32": 0.0,
      "e33": 1.0
    }
  },
  "rightEye": {
    "ellipseMinorAxis": 0.24494899809360505,
    "ellipseMajorAxis": 0.3099985122680664,
    "screenForward": {
      "x": -0.4217730760574341,
      "y": -0.18166832625865937,
      "z": 0.8883153200149536
    },
    "screenPosition": {
      "x": 0.07054391503334046,
      "y": -0.009491060860455037,
      "z": 0.02898244559764862
    },
    "eyePosition": {
      "x": 0.029943088069558145,
      "y": -0.003366167191416025,
      "z": -0.00427968380972743
    },
    "eyeRotation": {
      "x": 0.0,
      "y": 8.881784197001253e-16,
      "z": 5.662137425588298e-15,
      "w": 1.0
    },
    "cameraProjection": {
      "x": -0.699999988079071,
      "y": 0.699999988079071,
      "z": 0.30000001192092898,
      "w": -1.399999976158142
    },
    "sphereToWorldSpace": {
      "e00": 0.05101081356406212,
      "e01": -0.060713451355695727,
      "e02": -0.29330453276634219,
      "e03": 0.11538401991128922,
      "e10": 0.0,
      "e11": 0.23695312440395356,
      "e12": -0.07855910062789917,
      "e13": 0.025588704273104669,
      "e20": 0.23957861959934236,
      "e21": 0.0129270413890481,
      "e22": 0.062450066208839419,
      "e23": -0.04654233157634735,
      "e30": 0.0,
      "e31": 0.0,
      "e32": 0.0,
      "e33": 1.0
    },
    "worldToScreenSpace": {
      "e00": -1.146316409111023,
      "e01": 14.899344444274903,
      "e02": 2.5027754306793215,
      "e03": 0.14973968267440797,
      "e10": -15.21110725402832,
      "e11": 0.04145835340023041,
      "e12": -7.213770866394043,
      "e13": 1.2825173139572144,
      "e20": -0.4217730760574341,
      "e21": -0.18166832625865937,
      "e22": 0.8883153200149536,
      "e23": 0.0022837501019239427,
      "e30": 0.0,
      "e31": 0.0,
      "e32": 0.0,
      "e33": 1.0
    }
  },
  "leapTracker": {
    "name": "Leap Provider",
    "serial": "",
    "localPose": {
      "position": {
        "x": 0.0,
        "y": 0.039777886122465137,
        "z": 0.0804821103811264
      },
      "rotation": {
        "x": 0.30401188135147097,
        "y": -0.016626091673970224,
        "z": 0.00530654564499855,
        "w": 0.9525083899497986
      }
    }
  }
}